"","port","vessel_name","lat","lon"
"1","ALCUDIA","SARA Y THESA",39.8329646978858,3.1565063903002
"2","ALICANTE","ALONSO Y MARIA",38.3202635238008,-0.459120488463079
"3","ALICANTE","ALVALUC II",38.3187130865415,-0.460129653864511
"4","ALICANTE","CHORROLL DOS",38.3189850438226,-0.443248180015989
"5","ALICANTE","CRISTO DEL PANO",38.3186482816847,-0.460341768084894
"6","ALICANTE","EL CABRERILLA",38.3202589167635,-0.462634087278558
"7","ALICANTE","EL CAENA",38.3186482816847,-0.460341768084894
"8","ALICANTE","EL CHUMBO",38.3187130865415,-0.460129653864511
"9","ALICANTE","EL GUINAMON",38.3208038779792,-0.464783085712076
"10","ALICANTE","EL VILLA",38.3186482816847,-0.460341768084894
"11","ALICANTE","ESTRELLA DE MIGUEL",38.3187130865415,-0.460129653864511
"12","ALICANTE","GINES Y ANA",38.320681186051,-0.460493849713343
"13","ALICANTE","HNOS FUENTES TRES",38.3187130865415,-0.460129653864511
"14","ALICANTE","JONATHAN Y ALBA",38.3186870530401,-0.452219202491206
"15","ALICANTE","JUAN Y LUCIA",38.3202589167635,-0.462634087278558
"16","ALICANTE","LORENZO Y FINA",38.3186482816847,-0.460341768084894
"17","ALICANTE","LOS ALONSOS",38.3186482816847,-0.460341768084894
"18","ALICANTE","LOS PICONES",38.3187130865415,-0.460129653864511
"19","ALICANTE","NUEVO CAMARROJAS",38.3156198754528,-0.448006636898001
"20","ALICANTE","NUEVO HERMANOS RABAL",38.3226260668673,-0.471437155519422
"21","ALICANTE","NUEVO JUAN JESUS",38.3186482816847,-0.460341768084894
"22","ALICANTE","NUEVO SABOR DEL MAR",38.3187130865415,-0.460129653864511
"23","ALICANTE","PAREDES GARCIA",38.3225090694902,-0.469495063476018
"24","ALICANTE","PAREDES GARCIA DOS",38.319791453137,-0.462273121700524
"25","ALICANTE","PEDRO Y AMALIA",38.3137989866603,-0.448155377055645
"26","ALICANTE","PEPE LASAL UNO",38.3186482816847,-0.460341768084894
"27","ALICANTE","PERETUJO",38.3204730619581,-0.467566850558859
"28","ALICANTE","PEREZ SEGURA",38.3189850438226,-0.443248180015989
"29","ALICANTE","PESCALBA CUATRO",38.3171499006518,-0.452351586201594
"30","ALICANTE","PESCALBA DOS",38.3202589167635,-0.462634087278558
"31","ALICANTE","PESCALBA UNO",38.3163920152414,-0.445701778535817
"32","ALICANTE","ROSA MARIA JUAREZ",38.3163920152414,-0.445701778535817
"33","ALICANTE","SOTO DURAN",38.3202589167635,-0.462634087278558
"34","ALICANTE","TOPACIO",38.3171499006518,-0.452351586201594
"35","ALICANTE","VICENT MATA",38.3191571819535,-0.468154664535568
"36","ALICANTE","VICTORIA Y PEDRO",38.3202589167635,-0.462634087278558
"37","ALICANTE","VIRGEN DEL CARMEN",38.3202589167635,-0.462634087278558
"38","ALTEA","ALONSO Y MARIA",38.5794375649179,-0.053438240244074
"39","ALTEA","ALTHAIA",38.5794375649179,-0.053438240244074
"40","ALTEA","ALVALUC II",38.5794375649179,-0.053438240244074
"41","ALTEA","CHORROLL DOS",38.5664649289875,-0.052866804284246
"42","ALTEA","CRISTO DEL PANO",38.5794375649179,-0.053438240244074
"43","ALTEA","EL CABRERILLA",38.5749133339363,-0.0531813609501602
"44","ALTEA","EL CAENA",38.5794375649179,-0.053438240244074
"45","ALTEA","EL CHUMBO",38.5794375649179,-0.053438240244074
"46","ALTEA","EL GUINAMON",38.5794375649179,-0.053438240244074
"47","ALTEA","EL VILLA",38.5794375649179,-0.053438240244074
"48","ALTEA","ESTRELLA DE MIGUEL",38.5794375649179,-0.053438240244074
"49","ALTEA","HNOS FUENTES TRES",38.5774754779343,-0.0534094015580738
"50","ALTEA","JUAN Y LUCIA",38.5794375649179,-0.053438240244074
"51","ALTEA","LORENZO Y FINA",38.5794375649179,-0.053438240244074
"52","ALTEA","LOS ALONSOS",38.5794375649179,-0.053438240244074
"53","ALTEA","LOS PICONES",38.5749133339363,-0.0531813609501602
"54","ALTEA","NUEVO ATXARRE",38.5664649289875,-0.052866804284246
"55","ALTEA","NUEVO CAMARROJAS",38.5664649289875,-0.052866804284246
"56","ALTEA","NUEVO HERMANOS RABAL",38.5774754779343,-0.0534094015580738
"57","ALTEA","NUEVO JUAN JESUS",38.5794375649179,-0.053438240244074
"58","ALTEA","NUEVO SABOR DEL MAR",38.5794375649179,-0.053438240244074
"59","ALTEA","PAREDES GARCIA",38.5794375649179,-0.053438240244074
"60","ALTEA","PAREDES GARCIA DOS",38.5794375649179,-0.053438240244074
"61","ALTEA","PEDRO Y AMALIA",38.5749133339363,-0.0531813609501602
"62","ALTEA","PEPE LASAL UNO",38.5794375649179,-0.053438240244074
"63","ALTEA","PERETUJO",38.5794375649179,-0.053438240244074
"64","ALTEA","PEREZ SEGURA",38.5794375649179,-0.053438240244074
"65","ALTEA","PESCALBA CUATRO",38.5664649289875,-0.052866804284246
"66","ALTEA","PESCALBA UNO",38.5794375649179,-0.053438240244074
"67","ALTEA","ROSA MARIA JUAREZ",38.5774754779343,-0.0534094015580738
"68","ALTEA","SOTO DURAN",38.5794375649179,-0.053438240244074
"69","ALTEA","TOPACIO",38.5794375649179,-0.053438240244074
"70","ALTEA","VICENT MATA",38.5664649289875,-0.052866804284246
"71","ALTEA","VICTORIA Y PEDRO",38.5794375649179,-0.053438240244074
"72","ALTEA","VIRGEN DEL CARMEN",38.5794375649179,-0.053438240244074
"73","ARENYS DE MAR","EL CAENA",41.5710888357154,2.55674591131166
"74","ARENYS DE MAR","ESTRELLA DE MIGUEL",41.5746727864036,2.55867453342712
"75","ARENYS DE MAR","NUEVO JUAN JESUS",41.5768027867968,2.56019051625773
"76","ARENYS DE MAR","TOPACIO",41.5768156500461,2.55916691299837
"77","BARCELONA","CHORROLL DOS",41.3649639125404,2.18721766587403
"78","BARCELONA","EL CAENA",41.3225250779438,2.18035661229326
"79","BARCELONA","ESTRELLA DE MIGUEL",41.3251120153756,2.17358605719337
"80","BARCELONA","LORENZO Y FINA",41.3461100734432,2.1764037848484
"81","BARCELONA","NUEVO JUAN JESUS",41.3235133486763,2.1853336191379
"82","BARCELONA","PAREDES GARCIA",41.2994814087275,2.15656758303267
"83","BARCELONA","PAREDES GARCIA DOS",41.332222660634,2.17189262445335
"84","BARCELONA","TOPACIO",41.3269817963325,2.19026539612051
"85","BLANES","CRISTO DEL PANO",41.6719210489158,2.79835950234473
"86","BLANES","EL CAENA",41.6719210489158,2.79835950234473
"87","BLANES","LORENZO Y FINA",41.6719210489158,2.79835950234473
"88","BLANES","NUEVO JUAN JESUS",41.6733538136068,2.7994071976545
"89","BLANES","PAREDES GARCIA",41.6713717090234,2.79920160966621
"90","BLANES","PAREDES GARCIA DOS",41.6710376241171,2.79646969971348
"91","BLANES","TOPACIO",41.6713717090234,2.79920160966621
"92","BLANES","VICENT MATA",41.672195718862,2.79793844868399
"93","BURRIANA","CHORROLL DOS",39.861792728972,-0.068953755693087
"94","BURRIANA","CRISTO DEL PANO",39.861792728972,-0.068953755693087
"95","BURRIANA","EL VILLA",39.861792728972,-0.068953755693087
"96","BURRIANA","ESTRELLA DE MIGUEL",39.861792728972,-0.068953755693087
"97","BURRIANA","LORENZO Y FINA",39.861792728972,-0.068953755693087
"98","BURRIANA","NUEVO JUAN JESUS",39.861792728972,-0.068953755693087
"99","BURRIANA","TOPACIO",39.8626073105747,-0.0693441360082129
"100","BURRIANA","VICENT MATA",39.861792728972,-0.068953755693087
"101","CALPE","ALONSO Y MARIA",38.6363276942949,0.07076663615911
"102","CALPE","ALVALUC II",38.6363276942949,0.07076663615911
"103","CALPE","CRISTO DEL PANO",38.6363276942949,0.07076663615911
"104","CALPE","EL CAENA",38.6363276942949,0.07076663615911
"105","CALPE","EL CHUMBO",38.6363276942949,0.07076663615911
"106","CALPE","EL GUINAMON",38.6363276942949,0.07076663615911
"107","CALPE","EL VILLA",38.6369540160643,0.0699249934056673
"108","CALPE","ESTRELLA DE MIGUEL",38.6363276942949,0.07076663615911
"109","CALPE","HNOS FUENTES TRES",38.6363276942949,0.07076663615911
"110","CALPE","JUAN Y LUCIA",38.6363276942949,0.07076663615911
"111","CALPE","LORENZO Y FINA",38.6364338989703,0.0695996579100779
"112","CALPE","LOS ALONSOS",38.6371386325254,0.0675403474898041
"113","CALPE","LOS PICONES",38.6363276942949,0.07076663615911
"114","CALPE","NUEVO ATXARRE",38.6363276942949,0.07076663615911
"115","CALPE","NUEVO HERMANOS RABAL",38.6364338989703,0.0695996579100779
"116","CALPE","NUEVO JUAN JESUS",38.6363276942949,0.07076663615911
"117","CALPE","NUEVO PALOMA DIVINA",38.6363276942949,0.07076663615911
"118","CALPE","PAREDES GARCIA DOS",38.6364338989703,0.0695996579100779
"119","CALPE","PEDRO Y AMALIA",38.6372448372008,0.066373369240772
"120","CALPE","PEPE LASAL UNO",38.6372029047372,0.068522259759375
"121","CALPE","PERETUJO",38.6363276942949,0.07076663615911
"122","CALPE","PESCALBA UNO",38.6363276942949,0.07076663615911
"123","CALPE","SOTO DURAN",38.6379495707559,0.0643140588204982
"124","CALPE","TOPACIO",38.6363276942949,0.07076663615911
"125","CALPE","VICENT MATA",38.6371609722737,0.070671150277978
"126","CALPE","VICTORIA Y PEDRO",38.6379942502524,0.070575664396846
"127","CALPE","VIRGEN DEL CARMEN",38.6363276942949,0.07076663615911
"128","CAMBRILS","LORENZO Y FINA",41.0582486572732,1.06094761213355
"129","CARTAGENA","ALONSO Y MARIA",37.5645324740491,-0.964701233238875
"130","CARTAGENA","ALTHAIA",37.5628018333252,-0.972647414765976
"131","CARTAGENA","EL CABRERILLA",37.5653429482995,-0.962889674441542
"132","CARTAGENA","EL CAENA",37.562101051298,-0.970135909630872
"133","CARTAGENA","EL CHUMBO",37.5681760269115,-0.9525134220816
"134","CARTAGENA","EL GUINAMON",37.5632819380869,-0.976766301088742
"135","CARTAGENA","EL VILLA",37.5651385391047,-0.961324665856236
"136","CARTAGENA","GINES Y ANA",37.5632819380869,-0.976766301088742
"137","CARTAGENA","JUAN Y LUCIA",37.566263114773,-0.956755051711774
"138","CARTAGENA","LORENZO Y FINA",37.5648757602813,-0.961215337684806
"139","CARTAGENA","LOS ALONSOS",37.5633179564283,-0.968763836957967
"140","CARTAGENA","LOS PICONES",37.5633971600456,-0.978945445724835
"141","CARTAGENA","MI GRAN ILUSION",37.562101051298,-0.970135909630872
"142","CARTAGENA","NUEVO HERMANOS RABAL",37.5633179564283,-0.968763836957967
"143","CARTAGENA","NUEVO JUAN JESUS",37.5648757602813,-0.961215337684806
"144","CARTAGENA","NUEVO SABOR DEL MAR",37.5681760269115,-0.9525134220816
"145","CARTAGENA","PAREDES GARCIA",37.566263114773,-0.956755051711774
"146","CARTAGENA","PAREDES GARCIA DOS",37.5633179564283,-0.968763836957967
"147","CARTAGENA","PEDRO Y AMALIA",37.5681760269115,-0.9525134220816
"148","CARTAGENA","PEPE LASAL UNO",37.562101051298,-0.970135909630872
"149","CARTAGENA","PERETUJO",37.5643529334187,-0.973659040996188
"150","CARTAGENA","PESCALBA CUATRO",37.5633179564283,-0.968763836957967
"151","CARTAGENA","PESCALBA DOS",37.5633620082766,-0.98020762099942
"152","CARTAGENA","PESCALBA UNO",37.5645655129353,-0.973284071269965
"153","CARTAGENA","ROSA MARIA JUAREZ",37.5632256269662,-0.96556629548641
"154","CARTAGENA","SOTO DURAN",37.566263114773,-0.956755051711774
"155","CARTAGENA","TOPACIO",37.5638291962948,-0.981881957756156
"156","CARTAGENA","VICTORIA Y PEDRO",37.5648757602813,-0.961215337684806
"157","CASTELLON","CHORROLL DOS",39.9640552817894,0.0536342379629513
"158","CASTELLON","CRISTO DEL PANO",39.9830859300689,0.0912568521220939
"159","CASTELLON","ESTRELLA DE MIGUEL",39.9519585226609,0.0498102562514977
"160","CASTELLON","LORENZO Y FINA",39.9687951865914,0.014800201099402
"161","CASTELLON","NUEVO ATXARRE",39.9542570076255,0.0508257701997795
"162","CASTELLON","NUEVO JUAN JESUS",39.9686451424453,0.0160429515468031
"163","CASTELLON","NUEVO PALOMA DIVINA",39.9561088176911,0.0564104050305469
"164","CASTELLON","PAREDES GARCIA",39.9650845233996,0.0237538916110367
"165","CASTELLON","PAREDES GARCIA DOS",39.9686451424453,0.0160429515468031
"166","CASTELLON","TOPACIO",39.9170821374386,0.0630432225524645
"167","CASTELLON","VICENT MATA",39.9692779026094,0.0186961891953913
"168","DENIA","CHORROLL DOS",38.848135742846,0.119713358851632
"169","DENIA","LORENZO Y FINA",38.848135742846,0.119713358851632
"170","DENIA","LOS ALONSOS",38.848135742846,0.119713358851632
"171","DENIA","VICENT MATA",38.848135742846,0.119713358851632
"172","EL MASNOU","ESTRELLA DE MIGUEL",41.4716746168375,2.30996137414647
"173","ESP-113","GEPUS",38.8726411765272,1.29224860020503
"174","ESP-113","NUEVO PALOMA DIVINA",38.8680657824904,1.29640988524547
"175","ESP-113","TIO GEL SEGON",38.8693406872734,1.28730892907877
"176","ESP-174","GEPUS",39.1050088935277,1.50377033695168
"177","ESP-174","TIO GEL SEGON",39.1043907617344,1.49933470323128
"178","ESP-179","SARA Y THESA",39.5745462634182,2.3499843430608
"179","ESP-182","SARA Y THESA",39.5325473258952,2.41290960227316
"180","ESP-2","ALONSO Y MARIA",38.6292734887204,-0.00266505874413554
"181","ESP-2","CRISTO DEL PANO",38.6292734887204,-0.00266505874413554
"182","ESP-2","NUEVO HERMANOS RABAL",38.6292734887204,-0.00266505874413554
"183","ESP-257","CHORROLL DOS",41.1857904991095,1.60702713039849
"184","ESP-257","PAREDES GARCIA DOS",41.1857904991095,1.60702713039849
"185","ESP-259","LORENZO Y FINA",40.4129637069861,0.433031370011802
"186","ESP-259","PAREDES GARCIA DOS",40.4129637069861,0.433031370011802
"187","ESP-259","TOPACIO",40.4129637069861,0.433031370011802
"188","ESP-259","VICENT MATA",40.4129637069861,0.433031370011802
"189","ESP-279","CRISTO DEL PANO",41.7019440950441,2.88384083395887
"190","ESP-279","EL CAENA",41.7019440950441,2.88384083395887
"191","ESP-279","ESTRELLA DE MIGUEL",41.7019440950441,2.88384083395887
"192","ESP-279","LORENZO Y FINA",41.7019440950441,2.88384083395887
"193","ESP-279","VICENT MATA",41.7019440950441,2.88384083395887
"194","ESP-297","NUEVO JUAN JESUS",41.1344924225604,1.40175966591956
"195","ESP-297","TOPACIO",41.1344924225604,1.40175966591956
"196","ESP-297","VICENT MATA",41.1344924225604,1.40175966591956
"197","ESP-325","EL GUINAMON",37.6344951628225,-0.699038985877029
"198","ESP-325","PESCALBA CUATRO",37.6344951628225,-0.699038985877029
"199","ESP-325","PESCALBA DOS",37.6344951628225,-0.699038985877029
"200","ESP-325","VICTORIA Y PEDRO",37.6344951628225,-0.699038985877029
"201","ESP-326","CHORROLL DOS",40.987946461437,0.928030012154604
"202","ESP-326","TOPACIO",40.987946461437,0.928030012154604
"203","ESP-328","NUEVO GEMELOS",37.728904025936,-0.713192456538429
"204","ESP-336","ALONSO Y MARIA",38.7621288751796,0.218621087931839
"205","ESP-336","CHORROLL DOS",38.7621288751796,0.218621087931839
"206","ESP-336","CRISTO DEL PANO",38.7621288751796,0.218621087931839
"207","ESP-336","EL CHUMBO",38.7621288751796,0.218621087931839
"208","ESP-336","EL VILLA",38.7621288751796,0.218621087931839
"209","ESP-336","JUAN Y LUCIA",38.7621288751796,0.218621087931839
"210","ESP-336","LOS PICONES",38.7621288751796,0.218621087931839
"211","ESP-336","NUEVO ATXARRE",38.7621288751796,0.218621087931839
"212","ESP-336","NUEVO JUAN JESUS",38.7621288751796,0.218621087931839
"213","ESP-336","NUEVO PALOMA DIVINA",38.7621288751796,0.218621087931839
"214","ESP-336","NUEVO SABOR DEL MAR",38.7621288751796,0.218621087931839
"215","ESP-336","PAREDES GARCIA",38.7621288751796,0.218621087931839
"216","ESP-336","PAREDES GARCIA DOS",38.7621288751796,0.218621087931839
"217","ESP-336","PEDRO Y AMALIA",38.7621288751796,0.218621087931839
"218","ESP-336","PEPE LASAL UNO",38.7621288751796,0.218621087931839
"219","ESP-336","PERETUJO",38.7621288751796,0.218621087931839
"220","ESP-336","SOTO DURAN",38.7621288751796,0.218621087931839
"221","ESP-336","TOPACIO",38.7621288751796,0.218621087931839
"222","ESP-336","VICENT MATA",38.7621288751796,0.218621087931839
"223","ESP-336","VICTORIA Y PEDRO",38.7621288751796,0.218621087931839
"224","ESP-38","SARA Y THESA",39.4624751188389,2.52223043891765
"225","ESP-43","SARA Y THESA",39.5985765631092,2.35300536492506
"226","ESP-56","ALONSO Y MARIA",38.3569194558293,-0.437755271106843
"227","ESP-56","ALVALUC II",38.3569194558293,-0.437755271106843
"228","ESP-56","CRISTO DEL PANO",38.3569194558293,-0.437755271106843
"229","ESP-56","EL CABRERILLA",38.3569194558293,-0.437755271106843
"230","ESP-56","EL CAENA",38.3569194558293,-0.437755271106843
"231","ESP-56","EL CHUMBO",38.3569194558293,-0.437755271106843
"232","ESP-56","EL GUINAMON",38.3569194558293,-0.437755271106843
"233","ESP-56","EL VILLA",38.3569194558293,-0.437755271106843
"234","ESP-56","ESTRELLA DE MIGUEL",38.3569194558293,-0.437755271106843
"235","ESP-56","GINES Y ANA",38.3569194558293,-0.437755271106843
"236","ESP-56","HNOS FUENTES TRES",38.3569194558293,-0.437755271106843
"237","ESP-56","JONATHAN Y ALBA",38.3569194558293,-0.437755271106843
"238","ESP-56","JUAN Y LUCIA",38.3569194558293,-0.437755271106843
"239","ESP-56","LORENZO Y FINA",38.3569194558293,-0.437755271106843
"240","ESP-56","LOS ALONSOS",38.3569194558293,-0.437755271106843
"241","ESP-56","LOS PICONES",38.3569194558293,-0.437755271106843
"242","ESP-56","NUEVO CAMARROJAS",38.3569194558293,-0.437755271106843
"243","ESP-56","NUEVO HERMANOS RABAL",38.3569194558293,-0.437755271106843
"244","ESP-56","NUEVO JUAN JESUS",38.3569194558293,-0.437755271106843
"245","ESP-56","NUEVO SABOR DEL MAR",38.3569194558293,-0.437755271106843
"246","ESP-56","PAREDES GARCIA",38.3569194558293,-0.437755271106843
"247","ESP-56","PAREDES GARCIA DOS",38.3569194558293,-0.437755271106843
"248","ESP-56","PEDRO Y AMALIA",38.3569194558293,-0.437755271106843
"249","ESP-56","PEPE LASAL UNO",38.3569194558293,-0.437755271106843
"250","ESP-56","PERETUJO",38.3569194558293,-0.437755271106843
"251","ESP-56","PEREZ SEGURA",38.3569194558293,-0.437755271106843
"252","ESP-56","ROSA MARIA JUAREZ",38.3569194558293,-0.437755271106843
"253","ESP-56","SOTO DURAN",38.3569194558293,-0.437755271106843
"254","ESP-56","VICENT MATA",38.3569194558293,-0.437755271106843
"255","ESP-56","VICTORIA Y PEDRO",38.3569194558293,-0.437755271106843
"256","ESP-56","VIRGEN DEL CARMEN",38.3569194558293,-0.437755271106843
"257","ESP-60","ESTRELLA DE MIGUEL",37.9114952022144,-0.726523781048393
"258","ESP-60","GINES Y ANA",37.9114952022144,-0.726523781048393
"259","ESP-60","HNOS FUENTES TRES",37.9114952022144,-0.726523781048393
"260","ESP-60","NUEVO CAMARROJAS",37.9114952022144,-0.726523781048393
"261","ESP-60","PEPE LASAL UNO",37.9114952022144,-0.726523781048393
"262","ESP-60","ROSA MARIA JUAREZ",37.9114952022144,-0.726523781048393
"263","ESP-60","VICTORIA Y PEDRO",37.9114952022144,-0.726523781048393
"264","ESP-98","LORENZO Y FINA",41.9756747801246,3.21500152061861
"265","ESP-98","VICENT MATA",41.9756747801246,3.21500152061861
"266","GANDIA","CRISTO DEL PANO",38.9988655372597,-0.139716249180857
"267","GANDIA","EL VILLA",38.9992116863493,-0.138183508121458
"268","GANDIA","ESTRELLA DE MIGUEL",38.99824533292,-0.141761232659673
"269","GANDIA","LORENZO Y FINA",38.9988655372597,-0.139716249180857
"270","GANDIA","LOS ALONSOS",38.99824533292,-0.141761232659673
"271","GANDIA","NUEVO ATXARRE",38.9938745941276,-0.148635559947554
"272","GANDIA","NUEVO JUAN JESUS",38.9997648293208,-0.139037484491109
"273","GANDIA","NUEVO PALOMA DIVINA",38.9981500470133,-0.141315306164188
"274","GANDIA","PAREDES GARCIA",38.9991194806785,-0.140386367202097
"275","GANDIA","PEPE LASAL UNO",39.0061160928681,-0.118425113631466
"276","GANDIA","PEREZ SEGURA",39.0001692868063,-0.131810516004262
"277","GANDIA","PESCALBA UNO",38.9979963708952,-0.144986737965254
"278","GANDIA","SOTO DURAN",38.9988655372597,-0.139716249180857
"279","GANDIA","TOPACIO",39.0061160928681,-0.118425113631466
"280","GANDIA","VICENT MATA",38.9979173797953,-0.141090295786425
"281","GANDIA","VICTORIA Y PEDRO",38.9936440799505,-0.154142707649152
"282","ILLA CONILLERA","TOPACIO",38.9843943237001,1.2118721224692
"283","JAVEA","ALONSO Y MARIA",38.7969347724968,0.187769370871122
"284","JAVEA","CHORROLL DOS",38.7967160765343,0.186480540701161
"285","JAVEA","EL CAENA",38.7969347724968,0.187769370871122
"286","JAVEA","EL CHUMBO",38.7967160765343,0.186480540701161
"287","JAVEA","ESTRELLA DE MIGUEL",38.7967160765343,0.186480540701161
"288","JAVEA","LORENZO Y FINA",38.7967160765343,0.186480540701161
"289","JAVEA","LOS ALONSOS",38.7969347724968,0.187769370871122
"290","JAVEA","NUEVO ATXARRE",38.7969347724968,0.187769370871122
"291","JAVEA","NUEVO HERMANOS RABAL",38.7967160765343,0.186480540701161
"292","JAVEA","NUEVO JUAN JESUS",38.7967160765343,0.186480540701161
"293","JAVEA","NUEVO PALOMA DIVINA",38.7969347724968,0.187769370871122
"294","JAVEA","NUEVO SABOR DEL MAR",38.7967160765343,0.186480540701161
"295","JAVEA","PAREDES GARCIA DOS",38.7967160765343,0.186480540701161
"296","JAVEA","PEDRO Y AMALIA",38.7967160765343,0.186480540701161
"297","JAVEA","PEPE LASAL UNO",38.7969347724968,0.187769370871122
"298","JAVEA","PERETUJO",38.7969347724968,0.187769370871122
"299","JAVEA","SOTO DURAN",38.7964973805718,0.185191710531199
"300","JAVEA","TOPACIO",38.7969347724968,0.187769370871122
"301","JAVEA","VICENT MATA",38.7967160765343,0.186480540701161
"302","JAVEA","VICTORIA Y PEDRO",38.7967160765343,0.186480540701161
"303","L'AMETLLA DE MAR","GEPUS",40.8802113301401,0.802947150204043
"304","L'AMETLLA DE MAR","LORENZO Y FINA",40.8811879600466,0.803280439403889
"305","L'AMETLLA DE MAR","NUEVO PALOMA DIVINA",40.8792347002335,0.802613861004197
"306","L'AMETLLA DE MAR","TIO GEL SEGON",40.8802113301401,0.802947150204043
"307","L'AMETLLA DE MAR","VICENT MATA",40.8811879600466,0.803280439403889
"308","LA VILA VILLAJOYOSA","CRISTO DEL PANO",38.5048179015545,-0.220749865996992
"309","LA VILA VILLAJOYOSA","EL CAENA",38.5050273458568,-0.218712017207296
"310","LA VILA VILLAJOYOSA","LOS ALONSOS",38.5048179015545,-0.220749865996992
"311","LA VILA VILLAJOYOSA","NUEVO HERMANOS RABAL",38.5049226237057,-0.219730941602144
"312","LA VILA VILLAJOYOSA","PEDRO Y AMALIA",38.5048179015545,-0.220749865996992
"313","LA VILA VILLAJOYOSA","PEPE LASAL UNO",38.5050273458568,-0.218712017207296
"314","LA VILA VILLAJOYOSA","TOPACIO",38.5048179015545,-0.220749865996992
"315","LA VILA VILLAJOYOSA","VICENT MATA",38.5058417455396,-0.219468691163349
"316","LA VILA VILLAJOYOSA","VIRGEN DEL CARMEN",38.5048179015545,-0.220749865996992
"317","MORAIRA","ALONSO Y MARIA",38.6831709849929,0.144379213997213
"318","MORAIRA","CHORROLL DOS",38.6831445670809,0.142186218803155
"319","MORAIRA","CRISTO DEL PANO",38.6828135919561,0.14306881552697
"320","MORAIRA","EL CHUMBO",38.6831445670809,0.142186218803155
"321","MORAIRA","EL VILLA",38.6831709849929,0.144379213997213
"322","MORAIRA","ESTRELLA DE MIGUEL",38.6847539457541,0.145430628121304
"323","MORAIRA","HNOS FUENTES TRES",38.6827607561322,0.138682825138856
"324","MORAIRA","JUAN Y LUCIA",38.6831445670809,0.142186218803155
"325","MORAIRA","LORENZO Y FINA",38.6831445670809,0.142186218803155
"326","MORAIRA","LOS ALONSOS",38.6836810266386,0.143267688575872
"327","MORAIRA","PAREDES GARCIA",38.6835283780296,0.145689612467455
"328","MORAIRA","PAREDES GARCIA DOS",38.6835283780296,0.145689612467455
"329","MORAIRA","PEDRO Y AMALIA",38.6827607561322,0.138682825138856
"330","MORAIRA","PEPE LASAL UNO",38.6847539457541,0.145430628121304
"331","MORAIRA","SOTO DURAN",38.6835283780296,0.145689612467455
"332","MORAIRA","VICENT MATA",38.6841411618919,0.14556012029438
"333","MORAIRA","VICTORIA Y PEDRO",38.6847539457541,0.145430628121304
"334","PALAMOS","LORENZO Y FINA",41.8441930420315,3.1251513165701
"335","PALAMOS","VICENT MATA",41.8420255005911,3.12498668714739
"336","PALMA DE MALLORCA","SARA Y THESA",39.543802986425,2.63955701826159
"337","PEDRO PINATAR","ALONSO Y MARIA",37.8213976696256,-0.75209925580372
"338","PEDRO PINATAR","CRISTO DEL PANO",37.8213976696256,-0.75209925580372
"339","PEDRO PINATAR","EL CAENA",37.8213976696256,-0.75209925580372
"340","PEDRO PINATAR","EL GUINAMON",37.8209812922949,-0.753404286267892
"341","PEDRO PINATAR","ESTRELLA DE MIGUEL",37.8213976696256,-0.75209925580372
"342","PEDRO PINATAR","GINES Y ANA",37.8213976696256,-0.75209925580372
"343","PEDRO PINATAR","JUAN Y LUCIA",37.8213976696256,-0.75209925580372
"344","PEDRO PINATAR","LORENZO Y FINA",37.8213976696256,-0.75209925580372
"345","PEDRO PINATAR","LOS ALONSOS",37.8213976696256,-0.75209925580372
"346","PEDRO PINATAR","LOS PICONES",37.8209812922949,-0.753404286267892
"347","PEDRO PINATAR","NUEVO CAMARROJAS",37.8209812922949,-0.753404286267892
"348","PEDRO PINATAR","NUEVO GEMELOS",37.8213976696256,-0.75209925580372
"349","PEDRO PINATAR","NUEVO HERMANOS RABAL",37.8213976696256,-0.75209925580372
"350","PEDRO PINATAR","PAREDES GARCIA",37.8213976696256,-0.75209925580372
"351","PEDRO PINATAR","PAREDES GARCIA DOS",37.8213976696256,-0.75209925580372
"352","PEDRO PINATAR","PEDRO Y AMALIA",37.8209812922949,-0.753404286267892
"353","PEDRO PINATAR","PERETUJO",37.8213976696256,-0.75209925580372
"354","PEDRO PINATAR","PESCALBA CUATRO",37.8209812922949,-0.753404286267892
"355","PEDRO PINATAR","PESCALBA DOS",37.8213976696256,-0.75209925580372
"356","PEDRO PINATAR","PESCALBA UNO",37.8209812922949,-0.753404286267892
"357","PEDRO PINATAR","ROSA MARIA JUAREZ",37.8213976696256,-0.75209925580372
"358","PEDRO PINATAR","TOPACIO",37.8209812922949,-0.753404286267892
"359","PEDRO PINATAR","VICENT MATA",37.8209812922949,-0.753404286267892
"360","PEDRO PINATAR","VICTORIA Y PEDRO",37.8213976696256,-0.75209925580372
"361","PEDRO PINATAR","VIRGEN DEL CARMEN",37.8213976696256,-0.75209925580372
"362","PENISCOLA","ESTRELLA DE MIGUEL",40.3550770983069,0.402510048796841
"363","PENISCOLA","NUEVO ATXARRE",40.3550770983069,0.402510048796841
"364","PENISCOLA","NUEVO JUAN JESUS",40.3566071859613,0.404672589325949
"365","PENISCOLA","NUEVO PALOMA DIVINA",40.3550770983069,0.402510048796841
"366","PENISCOLA","TOPACIO",40.3550770983069,0.402510048796841
"367","PENISCOLA","VICENT MATA",40.361816740899,0.406868424831597
"368","PORT DANDRATX","SARA Y THESA",39.5405929222811,2.37118578065583
"369","PORT OLIMPIC","CRISTO DEL PANO",41.3843980431065,2.20006867999406
"370","PORT OLIMPIC","EL CAENA",41.3843980431065,2.20006867999406
"371","PORT OLIMPIC","ESTRELLA DE MIGUEL",41.3843980431065,2.20006867999406
"372","PORT OLIMPIC","LORENZO Y FINA",41.3843980431065,2.20006867999406
"373","PORT OLIMPIC","NUEVO JUAN JESUS",41.3843980431065,2.20006867999406
"374","PORT OLIMPIC","PAREDES GARCIA",41.3843980431065,2.20006867999406
"375","PORT OLIMPIC","PAREDES GARCIA DOS",41.3843980431065,2.20006867999406
"376","PORTALS NOUS","SARA Y THESA",39.5297666179274,2.58529640621137
"377","PREMIA DE MAR","TOPACIO",41.4887133071822,2.36557206394377
"378","SAGUNTO","NUEVO PALOMA DIVINA",39.6228059619523,-0.147541760913832
"379","SAGUNTO","TOPACIO",39.6228059619523,-0.147541760913832
"380","SAN ADRIAN DE BESOS","ESTRELLA DE MIGUEL",41.4129027997114,2.22976074835172
"381","SAN FELIU DE GUIXOLS","ESTRELLA DE MIGUEL",41.7784605533047,3.03537135779653
"382","SAN FELIU DE GUIXOLS","LORENZO Y FINA",41.7872761836279,3.04987010044716
"383","SAN FELIU DE GUIXOLS","NUEVO JUAN JESUS",41.7784605533047,3.03537135779653
"384","SAN FELIU DE GUIXOLS","VICENT MATA",41.7828683684663,3.04262072912184
"385","SANT ANTONI","TOPACIO",39.0096909361733,1.29642661107573
"386","SANTA POLA","ALTHAIA",38.1880706126408,-0.558030047649472
"387","SANTA POLA","EL VILLA",38.1880706126408,-0.558030047649472
"388","SANTA POLA","JUAN Y LUCIA",38.1867814011487,-0.560326733455945
"389","SANTA POLA","LORENZO Y FINA",38.1880706126408,-0.558030047649472
"390","SANTA POLA","NUEVO JUAN JESUS",38.1880706126408,-0.558030047649472
"391","SANTA POLA","PAREDES GARCIA",38.1880706126408,-0.558030047649472
"392","SANTA POLA","PAREDES GARCIA DOS",38.1867814011487,-0.560326733455945
"393","SANTA PONSA","SARA Y THESA",39.4931183541956,2.46979880096634
"394","TABARCA","ESTRELLA DE MIGUEL",38.1687601601873,-0.480693889911365
"395","TABARCA","JUAN Y LUCIA",38.1687601601873,-0.480693889911365
"396","TABARCA","NUEVO JUAN JESUS",38.1641615669686,-0.479731468631037
"397","TABARCA","NUEVO SABOR DEL MAR",38.1641615669686,-0.479731468631037
"398","TABARCA","VICTORIA Y PEDRO",38.1641615669686,-0.479731468631037
"399","TARRAGONA","TIO GEL SEGON",41.0662118757284,1.21797424074306
"400","TORREVIEJA","ALONSO Y MARIA",37.9661310806818,-0.681659063160399
"401","TORREVIEJA","ALTHAIA",37.9648083134577,-0.679164498662065
"402","TORREVIEJA","ALVALUC II",37.9578881890722,-0.677279662233412
"403","TORREVIEJA","CHORROLL DOS",37.9732881425962,-0.680512863879931
"404","TORREVIEJA","CRISTO DEL PANO",37.9658411124365,-0.680001395125782
"405","TORREVIEJA","EL CABRERILLA",37.9662559207141,-0.681509531404335
"406","TORREVIEJA","EL CAENA",37.9668040227499,-0.681646853683917
"407","TORREVIEJA","EL CHUMBO",37.9630215069135,-0.678357396115585
"408","TORREVIEJA","EL GUINAMON",37.9654733582388,-0.6814942764249
"409","TORREVIEJA","EL VILLA",37.9630215069135,-0.678357396115585
"410","TORREVIEJA","ESTRELLA DE MIGUEL",37.9655126431865,-0.681141641489071
"411","TORREVIEJA","GINES Y ANA",37.9658133592698,-0.68313038491377
"412","TORREVIEJA","HNOS FUENTES TRES",37.9655126431865,-0.681141641489071
"413","TORREVIEJA","JONATHAN Y ALBA",37.9661310806818,-0.681659063160399
"414","TORREVIEJA","JUAN Y LUCIA",37.9643486207106,-0.681030600285963
"415","TORREVIEJA","LORENZO Y FINA",37.9655126431865,-0.681141641489071
"416","TORREVIEJA","LOS ALONSOS",37.9662559207141,-0.681509531404335
"417","TORREVIEJA","LOS PICONES",37.9643486207106,-0.681030600285963
"418","TORREVIEJA","NUEVO CAMARROJAS",37.9655126431865,-0.681141641489071
"419","TORREVIEJA","NUEVO GEMELOS",37.9630654532779,-0.682136896280213
"420","TORREVIEJA","NUEVO HERMANOS RABAL",37.9672641730671,-0.683288025640177
"421","TORREVIEJA","NUEVO JUAN JESUS",37.9654733582388,-0.6814942764249
"422","TORREVIEJA","NUEVO SABOR DEL MAR",37.9630215069135,-0.678357396115585
"423","TORREVIEJA","PAREDES GARCIA",37.9668040227499,-0.681646853683917
"424","TORREVIEJA","PAREDES GARCIA DOS",37.9661310806818,-0.681659063160399
"425","TORREVIEJA","PEDRO Y AMALIA",37.9578009444541,-0.675223579763331
"426","TORREVIEJA","PEPE LASAL UNO",37.9643486207106,-0.681030600285963
"427","TORREVIEJA","PERETUJO",37.9672566349787,-0.681890014726307
"428","TORREVIEJA","PEREZ SEGURA",37.9579754336902,-0.679335744703494
"429","TORREVIEJA","PESCALBA CUATRO",37.9662559207141,-0.681509531404335
"430","TORREVIEJA","PESCALBA DOS",37.9661310806818,-0.681659063160399
"431","TORREVIEJA","PESCALBA UNO",37.9649422845057,-0.683439300636222
"432","TORREVIEJA","ROSA MARIA JUAREZ",37.9655126431865,-0.681141641489071
"433","TORREVIEJA","SOTO DURAN",37.9630215069135,-0.678357396115585
"434","TORREVIEJA","TOPACIO",37.9630215069135,-0.678357396115585
"435","TORREVIEJA","VICTORIA Y PEDRO",37.9655126431865,-0.681141641489071
"436","VALENCIA","CHORROLL DOS",39.4558591945886,-0.288967666084597
"437","VALENCIA","CRISTO DEL PANO",39.4558591945886,-0.288967666084597
"438","VALENCIA","NUEVO JUAN JESUS",39.4558591945886,-0.288967666084597
"439","VALENCIA","PEPE LASAL UNO",39.4558591945886,-0.288967666084597
"440","VALENCIA","TOPACIO",39.4615162817943,-0.312819656289252
"441","VILANOVA","CHORROLL DOS",41.2009254980527,1.73266345447049
"442","VILANOVA","EL CAENA",41.1994034860536,1.74131847469491
"443","VILANOVA","ESTRELLA DE MIGUEL",41.2025857453828,1.73480368225209
"444","VILANOVA","LORENZO Y FINA",41.205768004712,1.72828888980928
"445","VILANOVA","NUEVO JUAN JESUS",41.2025857453828,1.73480368225209
"446","VILANOVA","PAREDES GARCIA",41.205768004712,1.72828888980928
"447","VILANOVA","TOPACIO",41.2009254980527,1.73266345447049
"448","VILANOVA","VICENT MATA",41.2009254980527,1.73266345447049
"449","VINAROS","CHORROLL DOS",40.4585128668727,0.47610444234761
"450","VINAROS","CRISTO DEL PANO",40.4585128668727,0.47610444234761
"451","VINAROS","ESTRELLA DE MIGUEL",40.4616820791281,0.475506107580805
"452","VINAROS","LORENZO Y FINA",40.4616820791281,0.475506107580805
"453","VINAROS","NUEVO ATXARRE",40.4585128668727,0.47610444234761
"454","VINAROS","NUEVO JUAN JESUS",40.4585128668727,0.47610444234761
"455","VINAROS","NUEVO PALOMA DIVINA",40.4585128668727,0.47610444234761
"456","VINAROS","PAREDES GARCIA",40.4585128668727,0.47610444234761
"457","VINAROS","PAREDES GARCIA DOS",40.4585128668727,0.47610444234761
"458","VINAROS","TOPACIO",40.4585128668727,0.47610444234761
"459","VINAROS","VICENT MATA",40.4616820791281,0.475506107580805
